# The do-unit registry-replay class (found by the variation sweep,
# 2026-07-13; fixed to a REFUSAL the same day). Was: a compiled
# `do [...]` body containing a registry-mutating statement replayed it
# against the check pass's surviving state (typed defs raised a
# type-conflict Error; check-time registrations were invisible). Now: the
# bake decision declines a body carrying a capitalised def
# (eng bodyHasReplayHazard) so the interpreter owns these rows with full
# parity, and the import half compiles natively as a closure unit after the
# ensureExportsBound namespace re-bind fix. Value defs (`do [def b 5 …]`)
# were never affected. Full graduation = the Phase 6 JIT detached-unit
# cache compiles these bodies as units, at which point the rows compile
# natively and their ledger entries delete.
# GRADUATED 2026-07-14 (do-def leak fidelity): both typed-def rows compile
# natively as closure units and moved to lang/spec/bytecode-migrated.tsv.
#
# ── Added 2026-08-28 and REMOVED the same day; the note stays because the
#    round trip is the finding. stampFnConst's container descent stamps the
#    fn values inside a map const, which made these two mount-handler seeds
#    decline: compileStoredFnUnit analyses against the LIVE emit state, so the
#    ENCLOSING compile inherited a dynamic-scope promotion decision and a dep
#    record from a body it may never apply. Two rows landed here as ledgered
#    compile failures.
#
#    The justification for ledgering them was that without the descent the
#    `for`-wrapped seed MISCOMPILES (a flex map captured by a mount handler
#    loses its identity across loop iterations: the compiled run raises
#    `expected a FlexMap, got FlexMap` where the interpreter round-trips),
#    and a compile failure beats a wrong answer. That justification was the mistake.
#    The descent was not FIXING that miscompile, it was MASKING it — the
#    stamp is an optimisation that declines for a capturing fn, for a body
#    whose lowering declines, and whenever runtime stamping is unarmed, so the
#    wrong answer would have come back silently the first time any of those
#    held.
#
#    The stamp now restores es.dynScopeNames and declines rather than perturb
#    the enclosing program, and an optional ref no longer escalates a rebind
#    to a program-level compile failure. Both rows compile again, both buckets are
#    gone, and the flex-map divergence is pinned honestly where divergences
#    belong — varyKnownMiscompiles in test/go/langspec/vary_differential_test.go.
#
# ── GRADUATED 2026-09-02, with the §6.5 DEFAULT FLIP (rollback-and-replay
#    is the only regime). The pinned divergence — the `for 2 [import
#    "boru:io" def files (flex {}) IO.mount {…} …]` variant raising
#    `expected a FlexMap, got FlexMap` compiled — stopped reproducing:
#    every compiled request now rolls the check pass's binding installs
#    back before the run and replays them from placed twins, so `files`
#    binds ONE runtime instance that the loop body and the mount handlers
#    capturing it agree on, where the keep-installs default left the check
#    pass's own flex map behind for the handlers' dep while the loop
#    re-bound the name. Measured with -force-compile (never -compile, which
#    falls back silently): `hello mounted hello mounted` on both engines.
#    The varyKnownMiscompiles pin is deleted (its stale arm fired), and the
#    map is empty for the first time since 2026-07-30.
